issue,summary
Inflation,"Inflation remains a top concern, with Republicans criticizing government spending and monetary policy as driving factors, while Democrats highlight global supply chain issues and advocate targeted relief to ease the burden on working families."
Jobs and Wages,"Democrats push for higher minimum wages and expanded labor protections, seeing them as vital for equity. Republicans argue that regulatory burdens and wage mandates hurt small businesses and economic flexibility, preferring market-driven growth."
Housing Affordability,"Progressives advocate for large-scale federal investments in affordable housing and tenant protections, while conservatives emphasize zoning reform and deregulation to increase housing supply through private development."
Government Spending,"The GOP warns that excessive spending leads to unsustainable debt and inflation, advocating cuts. Democrats counter that strategic public investment in infrastructure, health, and education is necessary for long-term prosperity and equity."
Taxation,"Democrats seek higher taxes on corporations and the wealthy to fund social programs. Republicans resist these increases, arguing they stifle growth and productivity, favoring tax cuts and simplification instead."
Healthcare,"Democrats push to expand access and lower costs through public options or universal models. Republicans raise concerns about government overreach, preferring market-based reforms and reduced regulatory constraints."
Education,"Democrats advocate increased federal funding and debt relief, particularly for underserved communities. Republicans focus on school choice, parental control over curricula, and concerns about ideological bias in education."
Crime,"Republicans emphasize law and order, increased policing, and strict sentencing. Democrats highlight criminal justice reform, police accountability, and root-cause solutions like community investment."
Gun Control,"Democrats push for background checks and restrictions on assault weapons to address gun violence. Republicans argue that these infringe on Second Amendment rights and prefer focusing on mental health and enforcement of existing laws."
Drug Crisis,"Both parties acknowledge the opioid crisis, but differ on solutions. Democrats support public health funding and harm-reduction strategies, while Republicans often emphasize law enforcement and border control."
Homelessness,"Democrats focus on housing-first models and mental health services. Republicans emphasize personal responsibility and reducing regulatory barriers to housing construction."
Social Security,"Democrats resist any cuts and advocate expanding benefits. Republicans call for reforms to ensure long-term solvency, including raising retirement ages or adjusting benefit formulas."
Medicare,"Democrats propose expanding Medicare and negotiating drug prices to reduce costs. Republicans are wary of expanding entitlements and prefer free-market competition to drive down costs."
Political Polarization,"Polarization is worsening governance. Democrats often cite right-wing misinformation and GOP obstruction, while Republicans blame liberal media bias and progressive cultural overreach for the growing divide."
Election Integrity,"Republicans push for voter ID laws and tighter election security, citing fraud concerns. Democrats warn these measures suppress voter turnout and stress expanding access through mail-in ballots and early voting."
Government Corruption,"Democrats target corporate influence, campaign finance, and ethics reform. Republicans emphasize weaponization of federal agencies and demand greater transparency from the executive branch."
Immigration,"Republicans prioritize border security and reducing illegal immigration, citing national security and economic impact. Democrats support pathways to citizenship and humanitarian protections, focusing on immigration reform."
Free Speech,"Republicans argue conservative voices are censored in academia and on social media. Democrats defend content moderation as necessary to combat hate speech and misinformation."
Climate Change,"Democrats push for aggressive federal climate action and clean energy investment. Republicans express concern about economic disruption and prefer innovation-driven or state-level solutions."
Energy Policy,"Democrats advocate transitioning to renewable energy and phasing out fossil fuels. Republicans focus on energy independence, supporting domestic oil and gas production to lower costs and maintain reliability."
Infrastructure,"Both parties support infrastructure investment, but disagree on scope and funding. Democrats favor broad packages including climate and social priorities, while Republicans want leaner, targeted bills."
China,"Republicans stress economic decoupling and military readiness. Democrats balance competition with diplomacy, particularly in trade, tech, and climate cooperation."
Russia,"Democrats support continued aid to Ukraine and sanctions. Republicans are divided—some echoing support, others questioning the cost and U.S. involvement in foreign conflicts."
Middle East,"Democrats focus on diplomacy, human rights, and winding down military involvement. Republicans emphasize Israel’s security, counterterrorism, and containing Iran’s influence."
LGBTQ+ Rights,"Democrats advocate for federal protections in employment, healthcare, and education. Republicans raise concerns over religious liberty, parental rights, and gender policies in schools and sports."
